Employee_ID,Name,Department,Designation,State,Salary,Joining_Date,Email
E001,Yagnesh Narang,Programs,Executive,Karnataka,88879,2026-01-15,harish50@example.net
E002,Unni Bhandari,IT,Executive,Delhi,46116,2025-04-28,csuresh@example.org
E003,Urvi Kothari,Programs,Manager,Karnataka,124593,2019-04-10,vritti57@example.net
E004,Charles Subramanian,HR,Senior Manager,Tamil Nadu,139613,2022-12-04,alka08@example.org
E005,Matthew Parikh,Procurement,Officer,Karnataka,90882,2019-08-02,aaravpandey@example.net
E006,Ojasvi Das,Administration,Associate,Madhya Pradesh,70457,2022-07-10,pavanivaidya@example.org
E007,Bakhshi Bajaj,Procurement,Executive,Rajasthan,81923,2022-04-09,rdyal@example.org
E008,Agastya Patil,Procurement,Executive,Maharashtra,95938,2025-01-18,yvarkey@example.org
E009,Unni Karpe,IT,Manager,Maharashtra,96234,2020-12-09,jalsatak@example.net
E010,Jatin Gara,Operations,Coordinator,Delhi,72158,2022-02-19,vedhikaatwal@example.net
E011,Christopher Memon,HR,Coordinator,Tamil Nadu,62810,2026-01-10,khatrigirindra@example.net
E012,Maanas Wadhwa,Operations,Executive,Maharashtra,81492,2022-07-07,gvohra@example.org
E013,Chaitaly Hora,IT,Officer,Rajasthan,59446,2021-07-22,soodnitesh@example.net
E014,Urishilla Bandi,Finance,Executive,Maharashtra,148217,2021-01-27,vanshashetty@example.org
E015,Alka Chakrabarti,Administration,Executive,Karnataka,81763,2025-06-27,pkota@example.org
E016,Theodore Vala,Administration,Analyst,Gujarat,101244,2021-12-29,ekalingamukhopadhyay@example.org
E017,Sarthak Samra,HR,Officer,Rajasthan,109912,2022-10-13,kamalabakshi@example.com
E018,Mitesh Sodhi,Operations,Associate,Rajasthan,97919,2025-04-13,matthewgoswami@example.org
E019,Yashawini Raju,IT,Officer,Delhi,73664,2019-07-01,abeer02@example.org
E020,Praneel Parekh,Operations,Senior Manager,Gujarat,65960,2021-03-06,rmanne@example.com
E021,Shravya Bhardwaj,HR,Manager,Maharashtra,86933,2020-12-14,natarajanbakhshi@example.com
E022,Bahadurjit Varty,HR,Analyst,Maharashtra,102279,2020-05-23,avyas@example.org
E023,Januja Hayre,Procurement,Senior Manager,Uttar Pradesh,101078,2025-11-15,pradhankrish@example.com
E024,Bhavya Parmar,Operations,Analyst,Rajasthan,72468,2020-02-08,virkradha@example.org
E025,Lajita Lad,Administration,Executive,Karnataka,137997,2022-01-27,keermadhav@example.com
E026,William Shukla,IT,Coordinator,Rajasthan,147197,2025-11-08,arya91@example.net
E027,Qadim Dasgupta,Administration,Senior Manager,Tamil Nadu,61952,2026-02-27,rpillay@example.org
E028,Abha Balakrishnan,Administration,Analyst,Tamil Nadu,142441,2026-06-29,hansekanta@example.com
E029,Ayush Dayal,Finance,Analyst,Tamil Nadu,135948,2020-09-16,otara@example.org
E030,Rachit Handa,Finance,Analyst,Maharashtra,73628,2024-10-25,deydaniel@example.com
E031,Fitan Memon,Programs,Coordinator,Madhya Pradesh,91317,2025-10-05,patellucky@example.net
E032,Patrick Prashad,Administration,Manager,Karnataka,92241,2022-02-16,darikabalay@example.com
E033,Watika Bal,Finance,Executive,Maharashtra,80174,2024-11-12,divya62@example.net
E034,Tanveer Korpal,Operations,Officer,Delhi,136513,2022-12-28,darahitesh@example.com
E035,Devika Ravel,Operations,Manager,Rajasthan,101788,2021-06-05,qushi83@example.com
E036,Neel Krishnan,IT,Coordinator,Delhi,98897,2020-05-12,dborah@example.com
E037,Ira Brahmbhatt,Operations,Executive,Maharashtra,107640,2022-09-13,psaini@example.com
E038,Mahika Kale,Operations,Coordinator,Karnataka,83897,2025-05-30,vrishti30@example.net
E039,Aarna Bhatti,HR,Coordinator,Tamil Nadu,51047,2024-11-28,xchacko@example.com
E040,Neelima Buch,Administration,Officer,Maharashtra,125066,2021-05-27,thakurpushti@example.net
E041,Zansi Vohra,Finance,Coordinator,Gujarat,87513,2026-02-15,bdhawan@example.com
E042,Chandran Patil,IT,Analyst,Delhi,37538,2022-08-31,henry09@example.com
E043,Advik Bhandari,Operations,Senior Manager,Madhya Pradesh,128193,2018-12-16,tanvi23@example.org
E044,Garima Gill,Programs,Officer,Madhya Pradesh,119088,2024-12-11,anvi02@example.org
E045,Rajeshri Sama,Procurement,Officer,Delhi,36263,2025-04-29,zsoman@example.org
E046,Ojasvi Baral,Administration,Executive,Rajasthan,115473,2019-09-21,hsekhon@example.net
E047,Amruta Kumar,HR,Manager,Delhi,129917,2021-10-29,tchad@example.net
E048,Shravya Ramaswamy,Procurement,Executive,Gujarat,89674,2024-01-26,mahika60@example.net
E049,Dhriti Kade,Administration,Associate,Rajasthan,77898,2022-11-03,yprashad@example.org
E050,Hemang Raval,IT,Associate,Tamil Nadu,132755,2019-02-22,mpandit@example.com
E051,Maanas Sridhar,HR,Senior Manager,Karnataka,123047,2026-06-18,maya41@example.com
E052,Tara Aggarwal,Administration,Officer,Gujarat,129620,2022-08-03,pushti68@example.net
E053,Barkha Barman,Operations,Officer,Delhi,124280,2020-09-14,ladlibali@example.net
E054,Finn Gupta,Programs,Associate,Karnataka,143408,2022-01-26,mukhopadhyaytanay@example.net
E055,Sathvik Merchant,Programs,Executive,Maharashtra,36028,2023-07-06,aarini23@example.com
E056,Utkarsh Sodhi,IT,Executive,Gujarat,126341,2025-01-28,avirk@example.com
E057,Eshana Deol,Programs,Analyst,Karnataka,40083,2023-01-22,qadim69@example.org
E058,Kevin Som,Administration,Senior Manager,Gujarat,36462,2018-12-23,fwalla@example.com
E059,Yash Dhar,HR,Coordinator,Gujarat,32618,2019-11-29,bbadal@example.com
E060,Kalpit Ahluwalia,IT,Officer,Karnataka,141766,2018-08-12,wkade@example.net
E061,Timothy Taneja,Finance,Associate,Rajasthan,57630,2021-10-07,dyalbhavna@example.net
E062,Vedhika Kara,Procurement,Associate,Uttar Pradesh,43473,2025-08-02,garimapalla@example.net
E063,Om Mittal,HR,Senior Manager,Maharashtra,45377,2021-05-26,fsachdeva@example.net
E064,Yuvraj Thakkar,Finance,Associate,Uttar Pradesh,64040,2020-04-01,yaminidave@example.org
E065,Jasmit Jani,Procurement,Associate,Delhi,74673,2025-02-28,ogopal@example.com
E066,Gunbir Rao,Programs,Senior Manager,Rajasthan,125341,2019-02-14,ayushshroff@example.net
E067,Onkar Anand,HR,Officer,Uttar Pradesh,130820,2021-03-03,wridesh30@example.net
E068,Divya Sundaram,Administration,Associate,Maharashtra,72820,2020-12-28,siya53@example.org
E069,Charles Sood,IT,Executive,Delhi,149216,2020-02-02,manbir87@example.org
E070,Xalak Mammen,HR,Associate,Rajasthan,120515,2023-04-02,dprabhakar@example.org
E071,Zayyan Banik,Procurement,Analyst,Karnataka,86936,2025-02-14,damyanti07@example.com
E072,Netra Taneja,Administration,Executive,Madhya Pradesh,42784,2022-09-08,yatan26@example.net
E073,Vincent Raghavan,IT,Executive,Madhya Pradesh,133982,2024-03-01,forum00@example.net
E074,Varsha Raju,Administration,Manager,Karnataka,120433,2025-06-07,aadihegde@example.com
E075,Rajeshri Amble,Administration,Manager,Maharashtra,64632,2025-05-09,leena18@example.com
E076,Bina Amble,IT,Analyst,Gujarat,44011,2025-01-27,samar37@example.com
E077,Nidra Tara,Programs,Officer,Tamil Nadu,141333,2023-04-16,krishgaba@example.com
E078,Omkaar Sami,IT,Manager,Delhi,144310,2025-11-05,vsood@example.org
E079,Atharv Thakkar,Programs,Analyst,Delhi,33170,2026-05-01,udyati14@example.org
E080,Advaith Guha,Operations,Senior Manager,Gujarat,59866,2024-05-19,kkibe@example.com
E081,Yutika Chatterjee,Operations,Coordinator,Tamil Nadu,128092,2020-01-17,amblejack@example.net
E082,Ridhi Sandhu,Administration,Senior Manager,Tamil Nadu,61379,2019-06-21,dgopal@example.org
E083,Leena Tella,Operations,Analyst,Maharashtra,47171,2024-10-05,madhavverma@example.net
E084,Eesha Ramanathan,Finance,Analyst,Rajasthan,58398,2022-02-25,hchaudhuri@example.com
E085,Chasmum Kale,Programs,Analyst,Rajasthan,53707,2020-05-26,qvasa@example.com
E086,Manthan Thaker,Procurement,Executive,Madhya Pradesh,61929,2024-02-20,ayaan06@example.net
E087,Jagrati Dube,Finance,Senior Manager,Maharashtra,91179,2019-05-16,jsandhu@example.net
E088,Advik Banik,Finance,Executive,Uttar Pradesh,134739,2025-04-06,sameshsundaram@example.org
E089,Qadim Rau,Procurement,Manager,Maharashtra,132181,2020-03-07,nayarnicholas@example.net
E090,Samuel Jain,Programs,Executive,Gujarat,95654,2021-04-17,rajyug@example.com
E091,Aarnav Amble,Finance,Senior Manager,Rajasthan,41374,2021-09-22,tanvi13@example.net
E092,Sachi Munshi,Finance,Coordinator,Rajasthan,74984,2021-02-28,badalradhika@example.com
E093,Tripti Tella,Administration,Manager,Maharashtra,147140,2022-02-21,lgole@example.org
E094,Kamya Khosla,Administration,Senior Manager,Tamil Nadu,146386,2025-06-14,skannan@example.com
E095,Mitesh Dhar,Finance,Coordinator,Tamil Nadu,135792,2024-06-29,bishakha99@example.com
E096,Charan Kannan,IT,Associate,Gujarat,60868,2020-08-10,hayerindrajit@example.net
E097,Faraj Dixit,Procurement,Associate,Madhya Pradesh,43347,2019-10-27,madanhredhaan@example.net
E098,Veer Rout,Operations,Executive,Delhi,60061,2024-05-07,dsandhu@example.org
E099,Garima Sanghvi,Programs,Manager,Rajasthan,56234,2021-09-17,girindrachowdhury@example.net
E100,Amaira Bhasin,HR,Manager,Rajasthan,50042,2026-06-10,mbhargava@example.org
E101,Ikbal Ratta,Programs,Officer,Karnataka,143772,2024-12-26,vritti82@example.org
E102,Harita Sankaran,Operations,Senior Manager,Delhi,70642,2025-07-20,bahridayamai@example.org
E103,Isaac Bains,Finance,Manager,Maharashtra,137497,2018-10-29,chaddaksha@example.org
E104,Ijaya Grewal,Finance,Manager,Rajasthan,107619,2020-03-21,vdeshmukh@example.net
E105,Divya Guha,Operations,Associate,Gujarat,83452,2024-07-06,rajvamakshi@example.net
E106,Falan Wagle,Procurement,Officer,Tamil Nadu,88380,2025-12-09,dugarabdul@example.com
E107,Raksha Mangal,Programs,Officer,Madhya Pradesh,130592,2020-04-25,nimrat93@example.com
E108,Logan Menon,Operations,Coordinator,Madhya Pradesh,104866,2023-04-06,udarsh33@example.net
E109,Dev Thakur,HR,Officer,Tamil Nadu,68829,2020-07-12,anitachaudhary@example.com
E110,Amruta Dash,Procurement,Coordinator,Karnataka,37050,2022-05-21,dakshesh55@example.com
E111,Panini Mangal,Programs,Analyst,Delhi,121283,2022-12-23,yatankade@example.net
E112,Anvi Patel,Operations,Analyst,Rajasthan,105881,2025-06-18,avnidyal@example.org
E113,Hamsini Baria,HR,Analyst,Delhi,41823,2025-07-24,raksha47@example.com
E114,Eesha Jha,HR,Senior Manager,Maharashtra,42625,2025-08-19,okhanna@example.org
E115,Andrew Gour,HR,Manager,Madhya Pradesh,97270,2021-01-20,fbir@example.net
E116,Kalpit Shere,Finance,Officer,Uttar Pradesh,85859,2019-05-01,tsundaram@example.com
E117,Omkaar Basu,Programs,Associate,Karnataka,107939,2022-01-17,zdeol@example.com
E118,Lucky Parmar,Finance,Officer,Tamil Nadu,59343,2026-02-22,warhidara@example.com
E119,Orinder Badal,IT,Associate,Maharashtra,35861,2020-05-27,ekapadkarpe@example.org
E120,Jairaj Lad,Programs,Senior Manager,Delhi,49960,2023-04-06,mishraleela@example.com
E121,Frado Natarajan,Administration,Associate,Gujarat,60254,2024-07-05,ssandal@example.org
E122,Megha Grewal,IT,Officer,Gujarat,76682,2019-01-01,gulatiekani@example.org
E123,Hamsini Bajwa,Administration,Executive,Maharashtra,89778,2024-08-21,pbaral@example.net
E124,Kala Hans,Operations,Manager,Tamil Nadu,122087,2019-03-24,brinda27@example.org
E125,Yasti Agate,HR,Officer,Karnataka,53496,2025-04-07,dominicdube@example.com
E126,Frado Ganesh,Finance,Analyst,Delhi,135635,2024-05-24,urmimukherjee@example.net
E127,Yahvi Agate,IT,Coordinator,Karnataka,46633,2022-11-25,trege@example.org
E128,Imaran Mangal,Operations,Associate,Gujarat,75782,2021-01-03,saniaayush@example.com
E129,Forum Bandi,Programs,Associate,Madhya Pradesh,103253,2023-12-09,ansh30@example.net
E130,Yutika Sanghvi,Finance,Officer,Delhi,64034,2023-08-07,vgrover@example.net
E131,Anya Ramachandran,Programs,Officer,Madhya Pradesh,59048,2026-03-04,devikavarty@example.net
E132,Aarnav Dutta,Procurement,Manager,Karnataka,136876,2022-11-15,sarrafyahvi@example.net
E133,Garima Master,IT,Officer,Madhya Pradesh,48706,2023-09-27,borahbhavika@example.org
E134,Wahab Narang,Administration,Manager,Maharashtra,34056,2019-05-08,dalbir00@example.net
E135,Sai Patla,IT,Manager,Madhya Pradesh,35185,2022-10-28,wishigoel@example.com
E136,Matthew Rajagopalan,Finance,Manager,Rajasthan,127015,2023-11-01,wkohli@example.org
E137,Arin Pingle,HR,Analyst,Delhi,95331,2019-05-18,jagrati46@example.org
E138,Zilmil Agate,Administration,Associate,Karnataka,69237,2025-01-13,yashasviroy@example.org
E139,Upma Bumb,Programs,Officer,Rajasthan,116916,2021-02-01,yashodharasinghal@example.com
E140,Upadhriti Kara,Programs,Executive,Maharashtra,126873,2019-04-13,sai82@example.net
E141,Wishi Dugar,IT,Executive,Gujarat,53964,2019-08-27,yashodharakalla@example.com
E142,Frederick Nair,IT,Associate,Gujarat,90631,2019-03-31,krishnamurthydaniel@example.com
E143,Anjali Tiwari,Operations,Analyst,Uttar Pradesh,136160,2019-09-23,mistrynimrat@example.net
E144,Saanvi Raju,Operations,Senior Manager,Uttar Pradesh,84707,2025-10-06,amani@example.net
E145,Anvi Hora,Procurement,Associate,Madhya Pradesh,53192,2021-10-10,falakarora@example.com
E146,Lajita Mohan,Programs,Coordinator,Rajasthan,111828,2020-05-19,fkala@example.net
E147,Qushi Nair,Procurement,Analyst,Uttar Pradesh,149790,2026-06-25,sathewyatt@example.net
E148,Chanakya Krishna,HR,Executive,Uttar Pradesh,148488,2022-10-19,ynarasimhan@example.org
E149,Hemangini Chatterjee,Programs,Analyst,Gujarat,57278,2019-08-24,munshimaanas@example.org
E150,Harshil Handa,IT,Executive,Uttar Pradesh,74325,2023-10-24,hayeraadi@example.net
E151,Damyanti Kohli,IT,Analyst,Madhya Pradesh,39869,2019-06-04,ddey@example.org
E152,Matthew Memon,Operations,Coordinator,Uttar Pradesh,51950,2025-07-08,amritaray@example.org
E153,Udyati Parmer,Finance,Coordinator,Uttar Pradesh,145265,2020-08-06,meera99@example.com
E154,Jairaj Karnik,Administration,Executive,Karnataka,144950,2023-12-08,indira61@example.net
E155,Ekiya Ravi,Finance,Analyst,Gujarat,121645,2021-08-28,bhatnagarsiya@example.org
E156,Pahal Loke,HR,Senior Manager,Gujarat,30590,2022-09-26,dnarasimhan@example.org
E157,Qasim Ramakrishnan,Finance,Manager,Rajasthan,48341,2022-12-07,comarchanakya@example.net
E158,Gaurika Nagar,IT,Associate,Maharashtra,146113,2021-04-24,praneel22@example.com
E159,Abeer Kadakia,Procurement,Executive,Uttar Pradesh,143481,2023-09-15,bhasinayaan@example.net
E160,Vyanjana Gupta,Finance,Associate,Tamil Nadu,130718,2023-10-23,lmurty@example.net
E161,Harsh Vig,Programs,Senior Manager,Karnataka,30324,2025-01-24,owendora@example.com
E162,Qasim Iyengar,Programs,Manager,Uttar Pradesh,90027,2021-05-18,yatan07@example.org
E163,Charvi Ganesan,Finance,Officer,Maharashtra,72876,2018-10-08,anyasoni@example.org
E164,Diya Kumar,Operations,Officer,Karnataka,148740,2024-02-17,henry44@example.com
E165,Upma Chacko,HR,Manager,Tamil Nadu,63291,2018-11-21,damini69@example.org
E166,Vanya Bala,Finance,Manager,Delhi,91993,2018-09-26,emalhotra@example.net
E167,Reyansh Sur,Procurement,Coordinator,Uttar Pradesh,39139,2018-11-26,fsura@example.net
E168,Samaksh Gade,Operations,Manager,Maharashtra,103852,2025-12-02,zdyal@example.org
E169,Megha Brahmbhatt,HR,Executive,Maharashtra,136354,2018-11-24,charitabanik@example.net
E170,Isaac Hegde,IT,Coordinator,Karnataka,36588,2024-06-29,sara07@example.com
E171,Girik Mand,IT,Officer,Uttar Pradesh,54195,2018-10-09,yamini21@example.net
E172,Ladli Chada,HR,Officer,Tamil Nadu,98749,2020-05-08,iyerjalsa@example.org
E173,Janaki Bir,Programs,Officer,Maharashtra,139091,2023-10-15,ramaansh@example.org
E174,Naksh Arora,IT,Executive,Uttar Pradesh,124869,2025-03-11,stak@example.com
E175,Mahika Bajwa,Programs,Officer,Karnataka,110324,2021-08-15,shroffurvashi@example.com
E176,Osha Lad,HR,Executive,Karnataka,31957,2023-07-10,basudhruv@example.org
E177,Nathan Jaggi,Procurement,Analyst,Maharashtra,103931,2021-06-12,nathaniel85@example.org
E178,Indali Nori,HR,Manager,Uttar Pradesh,32227,2023-03-03,jeremiah95@example.org
E179,Divya Setty,Finance,Officer,Rajasthan,36689,2021-08-02,upkaar44@example.org
E180,Charvi Gour,Administration,Coordinator,Tamil Nadu,91186,2024-09-12,dgill@example.net
E181,Manbir Sharaf,IT,Officer,Gujarat,144878,2023-03-19,vshanker@example.net
E182,Yagnesh Subramaniam,IT,Associate,Rajasthan,144776,2020-11-28,upmasharaf@example.com
E183,Reyansh Narayanan,HR,Coordinator,Karnataka,74374,2018-10-09,kchada@example.net
E184,Aditya Chakrabarti,Programs,Associate,Gujarat,111099,2020-03-02,matthewrege@example.net
E185,Samesh Tailor,Finance,Officer,Gujarat,34339,2023-02-14,fgola@example.org
E186,Oeshi Kamdar,Procurement,Associate,Karnataka,58856,2019-06-28,yashawinibansal@example.org
E187,Jeremiah Dasgupta,Administration,Coordinator,Madhya Pradesh,61033,2023-08-21,amaranatarajan@example.com
E188,Darpan Zachariah,Administration,Associate,Uttar Pradesh,58721,2020-06-28,galapanini@example.org
E189,Falan Srinivasan,HR,Manager,Karnataka,50596,2025-03-27,kalapooja@example.com
E190,Alka Date,HR,Executive,Rajasthan,81284,2022-08-04,dalbir66@example.net
E191,Ojas Mandal,Administration,Senior Manager,Uttar Pradesh,91391,2020-07-26,latayatin@example.org
E192,Vedhika Mutti,IT,Manager,Gujarat,110269,2019-09-18,lkota@example.org
E193,Atharv Ahuja,Finance,Officer,Madhya Pradesh,65807,2025-03-07,amaira03@example.com
E194,Samuel Chowdhury,HR,Manager,Delhi,121402,2021-09-28,osant@example.com
E195,Damyanti Modi,HR,Associate,Gujarat,59231,2019-11-02,lokefaris@example.com
E196,Imaran Vala,Operations,Associate,Gujarat,47592,2021-05-13,kparmar@example.org
E197,Jack Ramesh,Programs,Associate,Maharashtra,146144,2023-05-29,sai07@example.net
E198,Jack Mukhopadhyay,Administration,Officer,Maharashtra,145842,2025-03-29,naikrachana@example.org
E199,Aryan Bala,IT,Senior Manager,Rajasthan,66069,2020-01-08,chavvigaba@example.net
E200,Ubika Sengupta,Operations,Executive,Maharashtra,144783,2025-02-22,tanish95@example.com
E201,Mitali Ben,Procurement,Senior Manager,Uttar Pradesh,35712,2018-09-04,patilfarhan@example.org
E202,Chaaya Sankar,Operations,Manager,Rajasthan,66681,2018-12-10,dominic19@example.net
E203,Ijaya Manda,Programs,Senior Manager,Tamil Nadu,36089,2019-03-28,rbarman@example.com
E204,Mugdha Choudhry,IT,Manager,Rajasthan,126752,2025-10-25,obatra@example.net
E205,Jairaj Bumb,Finance,Associate,Rajasthan,64881,2023-03-04,tiwarirehaan@example.com
E206,Raagini Loyal,Programs,Senior Manager,Madhya Pradesh,68999,2020-01-20,kalitachatresh@example.net
E207,Ekaja Prabhakar,Finance,Officer,Madhya Pradesh,40384,2018-09-04,patelucchal@example.com
E208,Indali Bahl,HR,Analyst,Uttar Pradesh,62026,2023-01-15,pavanipant@example.net
E209,Charan Chadha,Operations,Executive,Rajasthan,80254,2022-09-22,anusha54@example.com
E210,Leela Mangat,Programs,Associate,Gujarat,139477,2020-05-15,lopa85@example.org
E211,Zinal Singh,HR,Coordinator,Uttar Pradesh,75784,2025-11-14,karnikdaksh@example.com
E212,Libni Sunder,Finance,Manager,Delhi,60935,2020-04-21,bobalyamini@example.com
E213,Dominic Dube,HR,Senior Manager,Tamil Nadu,139257,2023-04-20,ranveercomar@example.net
E214,Ojas Edwin,Finance,Officer,Tamil Nadu,87930,2022-11-21,zramesh@example.net
E215,Krishna Padmanabhan,IT,Coordinator,Gujarat,95399,2019-04-28,bahriisaiah@example.org
E216,Varenya Bali,IT,Executive,Uttar Pradesh,140904,2025-10-16,ssibal@example.net
E217,Warda Kumer,Operations,Manager,Tamil Nadu,48210,2021-07-09,xissac@example.com
E218,Tanvi Kapoor,Programs,Coordinator,Gujarat,37441,2022-03-09,ladliramaswamy@example.net
E219,Janaki Rout,IT,Analyst,Madhya Pradesh,127029,2021-02-18,samarth46@example.com
E220,Deepa Pingle,Procurement,Manager,Delhi,82855,2020-06-15,radhakamdar@example.net
E221,Henry Deol,IT,Senior Manager,Karnataka,90653,2019-08-17,bswaminathan@example.com
E222,Praneel Ahluwalia,IT,Senior Manager,Karnataka,44110,2026-05-17,hayreshivansh@example.net
E223,Manan Chadha,Finance,Officer,Madhya Pradesh,51490,2020-01-29,pandyajackson@example.org
E224,Victor Iyer,Administration,Coordinator,Gujarat,54959,2025-06-10,mitraraagini@example.org
E225,Yoshita Kaul,Operations,Coordinator,Maharashtra,75198,2024-03-16,sudiksha63@example.net
E226,Faras Bahl,Procurement,Senior Manager,Gujarat,120148,2018-09-21,pranitbakshi@example.org
E227,Chaman Talwar,Operations,Officer,Madhya Pradesh,132892,2024-04-29,chamelibhardwaj@example.net
E228,Chaitanya Upadhyay,Administration,Officer,Madhya Pradesh,116891,2023-10-14,hansmatthew@example.com
E229,Falguni Kunda,IT,Executive,Uttar Pradesh,106861,2019-07-24,sarkarisaiah@example.org
E230,Avi Agrawal,IT,Coordinator,Maharashtra,119937,2024-09-24,vdave@example.com
E231,Owen Jayaraman,IT,Coordinator,Maharashtra,46738,2024-11-28,isuri@example.com
E232,Eesha Ramanathan,Programs,Analyst,Uttar Pradesh,131371,2025-04-13,pathakfrederick@example.com
E233,Yadavi Kamdar,Operations,Associate,Rajasthan,78089,2024-10-07,gmukherjee@example.org
E234,Vincent Om,Operations,Associate,Uttar Pradesh,133401,2024-09-19,aarav59@example.com
E235,Upasna Dua,Procurement,Analyst,Maharashtra,64660,2019-12-14,vaishnavibanerjee@example.org
E236,Ekbal Mani,HR,Analyst,Delhi,47310,2018-12-16,biradvika@example.org
E237,Harita Kamdar,Procurement,Associate,Rajasthan,144281,2020-12-10,keyadixit@example.net
E238,Udant Sahota,Finance,Executive,Tamil Nadu,149911,2025-03-23,neelchanda@example.org
E239,Vasudha Thaman,IT,Coordinator,Madhya Pradesh,136060,2019-06-24,ibhardwaj@example.net
E240,Arin Nori,Programs,Associate,Gujarat,67977,2025-01-31,harrison89@example.org
E241,Forum Chhabra,HR,Coordinator,Delhi,53636,2024-05-05,uppalkala@example.org
E242,Timothy Chanda,IT,Manager,Tamil Nadu,81423,2023-05-13,bina23@example.org
E243,Idika Joshi,Operations,Coordinator,Tamil Nadu,49903,2022-06-08,yohannanwidisha@example.org
E244,Patrick Keer,Programs,Officer,Gujarat,107656,2025-05-06,vshankar@example.org
E245,Yuvraj Kibe,HR,Coordinator,Madhya Pradesh,127002,2020-07-18,anjalidora@example.com
E246,Nisha Tella,Procurement,Analyst,Rajasthan,149886,2024-08-12,udyati75@example.com
E247,Sudiksha Sidhu,Procurement,Manager,Karnataka,111140,2025-01-18,settytripti@example.com
E248,Isaiah Pillay,Finance,Coordinator,Tamil Nadu,99852,2020-06-21,eiravati99@example.net
E249,Tara Chauhan,IT,Associate,Uttar Pradesh,117564,2024-06-10,zinal47@example.org
E250,Oliver Borde,Programs,Executive,Gujarat,133814,2021-07-23,ekanshdivan@example.net
E251,Manya Palla,HR,Senior Manager,Tamil Nadu,54612,2025-06-04,chandanilala@example.com
E252,Rishi Mutti,Finance,Coordinator,Rajasthan,106139,2024-09-28,lbal@example.org
E253,Frederick Bhagat,Programs,Officer,Maharashtra,99668,2026-06-06,khuranaira@example.net
E254,Sachi Maharaj,Procurement,Executive,Gujarat,30257,2025-06-02,gerayashoda@example.com
E255,Netra Comar,HR,Executive,Tamil Nadu,72862,2020-12-26,kumerbimala@example.com
E256,Vasana Vala,IT,Executive,Rajasthan,76079,2019-01-04,dorajagvi@example.org
E257,Siya Nagarajan,Operations,Officer,Karnataka,107176,2025-07-18,gdeshmukh@example.org
E258,Prisha Pant,IT,Associate,Madhya Pradesh,53727,2020-07-26,kadepatrick@example.org
E259,Neel Oza,HR,Officer,Rajasthan,114451,2025-07-26,anirudh56@example.com
E260,Benjamin Garde,Operations,Associate,Maharashtra,137380,2018-10-26,rajata86@example.org
E261,Imaran Palla,Programs,Coordinator,Tamil Nadu,124055,2025-01-04,orama@example.com
E262,Samar Dass,Finance,Manager,Gujarat,68506,2023-11-14,pbora@example.net
E263,Hemangini Soni,Finance,Senior Manager,Gujarat,149127,2023-02-20,unninarasimhan@example.com
E264,Janani Contractor,Procurement,Executive,Madhya Pradesh,72187,2019-02-20,chaudrybrijesh@example.org
E265,Divya Narula,Programs,Executive,Uttar Pradesh,82910,2021-05-01,dakshbrar@example.net
E266,Hemani Chowdhury,Administration,Analyst,Gujarat,115144,2025-07-27,chaitanya71@example.net
E267,Edhitha Ray,HR,Manager,Rajasthan,93724,2020-12-14,bpathak@example.com
E268,Lakshmi Narain,Finance,Associate,Uttar Pradesh,55344,2025-05-09,swali@example.org
E269,Mekhala Bhatia,Administration,Analyst,Delhi,93752,2018-08-16,wgarg@example.org
E270,Aarnav Sarkar,Operations,Manager,Delhi,92957,2022-03-27,abdulkale@example.com
E271,Nathaniel Arya,Programs,Coordinator,Maharashtra,135118,2025-09-15,prashadreyansh@example.com
E272,Sathvik Sani,Finance,Officer,Delhi,126880,2023-12-09,kalitajagat@example.com
E273,Rishi Choudhury,Programs,Officer,Tamil Nadu,58702,2020-09-07,shaabeer@example.org
E274,Indali Srinivas,Programs,Coordinator,Delhi,32426,2024-09-30,jmagar@example.org
E275,Chakrika Sidhu,Administration,Associate,Rajasthan,99750,2025-04-08,etara@example.net
E276,Omisha Sen,IT,Manager,Rajasthan,129147,2023-05-12,bprabhakar@example.net
E277,Maanav Vaidya,Programs,Associate,Tamil Nadu,101214,2020-12-07,chandalaban@example.org
E278,Anusha Sanghvi,HR,Manager,Karnataka,57762,2026-05-29,vnaik@example.com
E279,Rishi Sharma,Finance,Officer,Gujarat,63379,2022-06-01,harrisonmadan@example.net
E280,Leela Dugar,Procurement,Manager,Karnataka,50261,2021-03-27,mangalchaman@example.com
E281,Naksh Chana,Programs,Senior Manager,Delhi,128228,2019-09-08,fariq89@example.org
E282,Niharika Mody,HR,Executive,Gujarat,87563,2022-12-01,pooja32@example.net
E283,Bachittar Murthy,HR,Executive,Uttar Pradesh,98068,2022-12-26,tbansal@example.net
E284,Hemani Panchal,Procurement,Associate,Karnataka,35211,2018-12-28,arunima60@example.net
E285,Omaja Pillai,Operations,Associate,Rajasthan,122997,2019-04-18,kwarrior@example.net
E286,Amaira Viswanathan,Programs,Senior Manager,Madhya Pradesh,114686,2020-03-07,kdevan@example.com
E287,Kamya Misra,Finance,Senior Manager,Maharashtra,70192,2022-07-10,kai33@example.org
E288,Hitesh Jha,Operations,Associate,Gujarat,99109,2025-10-13,vdixit@example.net
E289,Hemangini Mannan,Operations,Officer,Rajasthan,89384,2019-05-15,krishnagupta@example.com
E290,Ayushman Loyal,IT,Analyst,Delhi,55780,2020-11-29,bhavnanath@example.org
E291,Unnati Hora,Procurement,Associate,Uttar Pradesh,30293,2024-05-27,faris73@example.com
E292,Indira Misra,Procurement,Officer,Madhya Pradesh,60977,2021-05-01,raksha81@example.com
E293,Vamakshi Lal,Programs,Associate,Delhi,128294,2026-05-06,masonnazareth@example.org
E294,Amol Khosla,IT,Senior Manager,Gujarat,41465,2023-11-05,tara67@example.org
E295,Siya Sahota,Finance,Officer,Uttar Pradesh,102033,2019-09-15,paugavin@example.net
E296,Vedant Datta,Procurement,Officer,Gujarat,92382,2023-12-19,kmanne@example.net
E297,Ekaraj Varughese,Administration,Executive,Tamil Nadu,136318,2021-01-06,dpandit@example.org
E298,Simon Mand,Procurement,Executive,Karnataka,93725,2024-03-03,thomas13@example.net
E299,Yuvraj Pingle,Procurement,Analyst,Maharashtra,89574,2021-02-20,girikbhat@example.org
E300,Warjas Borra,Programs,Analyst,Karnataka,70052,2020-02-12,jonathan87@example.org
